fold,data,modelo,real,prev,lo80,hi80,lo95,hi95
1,2025-10-02,SNaive7,45240.78283333,41689.40425,,,,
1,2025-10-03,SNaive7,45351.48733333,40746.89858333,,,,
1,2025-10-04,SNaive7,41813.20220833,37785.30783333,,,,
1,2025-10-05,SNaive7,39207.29358333,35828.939125,,,,
1,2025-10-06,SNaive7,47368.10983333,42772.096625,,,,
1,2025-10-07,SNaive7,47525.93920833,45474.021,,,,
1,2025-10-08,SNaive7,45220.648,45323.191,,,,
1,2025-10-02,SARIMA,45240.78283333,44968.32742326688,43403.31975381966,46533.33509271409,42574.85473741204,47361.800109121716
1,2025-10-03,SARIMA,45351.48733333,44746.2926130976,42474.190644815084,47018.39458138011,41271.412517154,48221.172709041195
1,2025-10-04,SARIMA,41813.20220833,41111.008052391335,38447.84374299232,43774.17236179035,37038.04971683156,45183.966387951106
1,2025-10-05,SARIMA,39207.29358333,37906.5247091328,34997.0022171948,40816.047201070796,33456.794046922274,42356.25537134332
1,2025-10-06,SARIMA,47368.10983333,43938.957677195154,40866.190434473974,47011.724919916334,39239.56571316703,48638.34964122328
1,2025-10-07,SARIMA,47525.93920833,44775.64312061347,41591.84451020492,47959.44173102202,39906.44333326222,49644.842907964725
1,2025-10-08,SARIMA,45220.648,44366.52078144311,41106.04209564992,47626.9994672363,39380.048938775195,49352.99262411103
1,2025-10-02,ETS,45240.78283333,45344.8567582102,43774.31876485479,46915.394751565604,42942.88203496253,47746.83148145786
1,2025-10-03,ETS,45351.48733333,45046.46975606796,43475.93176271256,46617.00774942337,42644.4950328203,47448.44447931563
1,2025-10-04,ETS,41813.20220833,41675.412194340846,40104.87420098544,43245.95018769625,39273.43747109319,44077.386917588505
1,2025-10-05,ETS,39207.29358333,38358.40319705798,36787.865203702575,39928.94119041339,35956.428473810316,40760.37792030565
1,2025-10-06,ETS,47368.10983333,44166.70125282457,42596.16325946916,45737.239246179975,41764.7265295769,46568.675976072234
1,2025-10-07,ETS,47525.93920833,45210.4009643116,43639.862970956194,46780.93895766701,42808.426241063935,47612.375687559266
1,2025-10-08,ETS,45220.648,45323.191003938045,43752.65301058264,46893.72899729345,42921.21628069038,47725.16572718571
1,2025-10-02,DHR-Fourier,45240.78283333,44804.14522516471,43228.14715661292,46380.14329371651,42393.864174356146,47214.42627597328
1,2025-10-03,DHR-Fourier,45351.48733333,44337.74805783294,41971.25286883438,46704.2432468315,40718.50598851094,47956.990127154946
1,2025-10-04,DHR-Fourier,41813.20220833,40821.540678770165,37908.12201694659,43734.95934059374,36365.85133892334,45277.23001861699
1,2025-10-05,DHR-Fourier,39207.29358333,37331.07713581921,33989.86526468167,40672.289006956744,32221.13454106737,42441.019730571046
1,2025-10-06,DHR-Fourier,47368.10983333,42600.76780827592,38907.13385643748,46294.401760114364,36951.8421525991,48249.693463952746
1,2025-10-07,DHR-Fourier,47525.93920833,43327.08167278431,39334.571529522254,47319.59181604637,37221.06432702176,49433.09901854686
1,2025-10-08,DHR-Fourier,45220.648,43157.98089414057,38907.25412121425,47408.70766706689,36657.055291888006,49658.90649639314
2,2025-10-30,SNaive7,45600.37983333,41267.891375,,,,
2,2025-10-31,SNaive7,43929.88004167,42372.49933333,,,,
2,2025-11-01,SNaive7,40827.64545833,41042.48008333,,,,
2,2025-11-02,SNaive7,38919.66691667,39394.11754167,,,,
2,2025-11-03,SNaive7,44463.189875,45149.77225,,,,
2,2025-11-04,SNaive7,45497.67016667,45894.49558333,,,,
2,2025-11-05,SNaive7,46878.37379167,46803.11366667,,,,
2,2025-10-30,SARIMA,45600.37983333,46803.078302955706,45238.479658638455,48367.67694727296,44410.23116705535,49195.92543885606
2,2025-10-31,SARIMA,43929.88004167,46721.64072963364,44441.815294064385,49001.466165202895,43234.94860979277,50208.33284947451
2,2025-11-01,SARIMA,40827.64545833,43191.01521486332,40516.82158355663,45865.20884617001,39101.18898705939,47280.84144266725
2,2025-11-02,SARIMA,38919.66691667,39602.97657789358,36680.73667614448,42525.21647964269,35133.79631577889,44072.156840008276
2,2025-11-03,SARIMA,44463.189875,45335.87991032885,42249.48551574397,48422.27430491373,40615.647015991875,50056.11280466582
2,2025-11-04,SARIMA,45497.67016667,45734.49566134626,42536.580569631034,48932.41075306148,40843.706578883226,50625.28474380929
2,2025-11-05,SARIMA,46878.37379167,45243.72104016721,41968.873797725704,48518.56828260872,40235.27438642054,50252.167693913885
2,2025-10-30,ETS,45600.37983333,46829.48250903389,45256.35123998243,48402.61377808535,44423.54163998226,49235.42337808553
2,2025-10-31,ETS,43929.88004167,46536.95007438395,44963.81880533249,48110.08134343541,44131.00920533232,48942.89094343559
2,2025-11-01,ETS,40827.64545833,43059.86326369077,41486.73199463931,44632.99453274223,40653.92239463913,45465.804132742414
2,2025-11-02,ETS,38919.66691667,39629.30006266614,38056.16879361468,41202.4313317176,37223.359193614495,42035.24093171778
2,2025-11-03,ETS,44463.189875,45634.64051012912,44061.509241077656,47207.77177918058,43228.699641077474,48040.58137918076
2,2025-11-04,ETS,45497.67016667,46698.7440789558,45125.61280990434,48271.87534800726,44292.80320990416,49104.684948007445
2,2025-11-05,ETS,46878.37379167,46803.11365465897,45229.98238560751,48376.24492371043,44397.17278560733,49209.05452371061
2,2025-10-30,DHR-Fourier,45600.37983333,46391.92733537496,44819.21684920276,47964.637821547156,43986.674207931675,48797.18046281824
2,2025-10-31,DHR-Fourier,43929.88004167,45817.42800960574,43455.21981300134,48179.63620621014,42204.74232936745,49430.11368984403
2,2025-11-01,DHR-Fourier,40827.64545833,42191.91239317912,39294.54812640086,45089.27665995737,37760.77613174786,46623.04865461038
2,2025-11-02,DHR-Fourier,38919.66691667,38595.92331763748,35287.611800537044,41904.23483473791,33536.297472304876,43655.54916297008
2,2025-11-03,DHR-Fourier,44463.189875,43782.99481594574,40142.18492633754,47423.80470555394,38214.85659190408,49351.133039987406
2,2025-11-04,DHR-Fourier,45497.67016667,44416.55676088472,40498.78291354987,48334.33060821957,38424.83871629231,50408.27480547713
2,2025-11-05,DHR-Fourier,46878.37379167,44165.82574283565,40013.03239990793,48318.61908576338,37814.67639683396,50516.975088837346
3,2025-11-27,SNaive7,45668.05675,41903.27658333,,,,
3,2025-11-28,SNaive7,46945.022375,44822.17170833,,,,
3,2025-11-29,SNaive7,44041.74366667,44059.17166667,,,,
3,2025-11-30,SNaive7,41679.84,40642.54433333,,,,
3,2025-12-01,SNaive7,49317.68354167,45204.07183333,,,,
3,2025-12-02,SNaive7,49717.447625,44803.89445833,,,,
3,2025-12-03,SNaive7,48805.0015,45031.875625,,,,
3,2025-11-27,SARIMA,45668.05675,44517.70513508427,42948.32945951386,46087.080810654676,42117.55216033908,46917.85810982945
3,2025-11-28,SARIMA,46945.022375,44972.04334921726,42683.17126116235,47260.91543727217,41471.51556834703,48472.57113008749
3,2025-11-29,SARIMA,44041.74366667,41933.282470923834,39250.91098951871,44615.65395232896,37830.9493006801,46035.61564116757
3,2025-11-30,SARIMA,41679.84,38789.55804359829,35861.48809893164,41717.62798826495,34311.46150027109,43267.65458692549
3,2025-12-01,SARIMA,49317.68354167,44550.32017464826,41460.825860188925,47639.81448910759,39825.34636198054,49275.29398731598
3,2025-12-02,SARIMA,49717.447625,45039.15592714089,41840.79920008897,48237.51265419281,40147.69142171596,49930.620432565825
3,2025-12-03,SARIMA,48805.0015,44947.87888737941,41674.98338798363,48220.77438677519,39942.417167036554,49953.34060772227
3,2025-11-27,ETS,45668.05675,45037.62049674446,43457.60890063846,46617.63209285046,42621.156882147916,47454.084111341
3,2025-11-28,ETS,46945.022375,44766.437960500094,43186.426364394094,46346.449556606094,42349.97434590355,47182.901575096635
3,2025-11-29,ETS,44041.74366667,41429.179549154986,39849.167953048986,43009.191145260986,39012.71593455845,43845.64316375152
3,2025-11-30,ETS,41679.84,38136.58112040666,36556.56952430066,39716.59271651266,35720.11750581012,40553.044735003205
3,2025-12-01,ETS,49317.68354167,43911.40550955496,42331.39391344896,45491.41710566096,41494.94189495842,46327.869124151504
3,2025-12-02,ETS,49717.447625,44927.538846662785,43347.527250556785,46507.550442768785,42511.07523206624,47344.002461259326
3,2025-12-03,ETS,48805.0015,45031.87562315328,43451.86402704728,46611.88721925928,42615.41200855674,47448.339237749824
3,2025-11-27,DHR-Fourier,45668.05675,44641.29216527825,43073.78390628375,46208.800424272755,42243.99515773043,47038.589172826076
3,2025-11-28,DHR-Fourier,46945.022375,44198.85151766187,41857.23778724665,46540.46524807708,40617.66235547003,47780.04067985371
3,2025-11-29,DHR-Fourier,44041.74366667,40709.311427675806,37861.300856553986,43557.321998797626,36353.65513021264,45064.96772513897
3,2025-11-30,DHR-Fourier,41679.84,37252.6396218365,34028.74860933156,40476.530634341434,32322.123796742177,42183.15544693082
3,2025-12-01,DHR-Fourier,49317.68354167,42578.397478472514,39060.506491721295,46096.28846522373,37198.2474939181,47958.54746302693
3,2025-12-02,DHR-Fourier,49717.447625,43345.10665157951,39590.52166533294,47099.69163782608,37602.96443289249,49087.24887026653
3,2025-12-03,DHR-Fourier,48805.0015,43239.02682252845,39290.37826291514,47187.675382141766,37200.08998024911,49277.963664807794
4,2025-12-25,SNaive7,40745.18591667,43268.7085,,,,
4,2025-12-26,SNaive7,46933.097375,43503.36895833,,,,
4,2025-12-27,SNaive7,46604.419625,40805.78441667,,,,
4,2025-12-28,SNaive7,44605.56625,39314.99495833,,,,
4,2025-12-29,SNaive7,48437.28425,45233.63054167,,,,
4,2025-12-30,SNaive7,49242.02170833,47066.55091667,,,,
4,2025-12-31,SNaive7,45239.72320833,44867.482375,,,,
4,2025-12-25,SARIMA,40745.18591667,44214.60085895153,42645.25785497372,45783.94386292934,41814.497851095344,46614.70386680772
4,2025-12-26,SARIMA,46933.097375,44794.977487780685,42505.33028608106,47084.62468948031,41293.2642728878,48296.69070267357
4,2025-12-27,SARIMA,46604.419625,41919.93021837172,39236.78135679494,44603.079079948504,37816.40814775152,46023.452288991924
4,2025-12-28,SARIMA,44605.56625,39161.92351759654,36233.30102571283,42090.54600948024,34682.98192622423,43640.86510896884
4,2025-12-29,SARIMA,48437.28425,45421.00730902654,42331.252375144424,48510.76224290866,40695.63491334736,50146.37970470572
4,2025-12-30,SARIMA,49242.02170833,46229.991777920965,43031.6687811781,49428.31477466383,41338.578858552115,51121.404697289814
4,2025-12-31,SARIMA,45239.72320833,45066.27138477361,41793.67865613041,48338.86411341681,40061.272712338134,50071.27005720908
4,2025-12-25,ETS,40745.18591667,44869.446366673736,43285.644042097985,46453.248691249486,42447.1852266397,47291.70750670777
4,2025-12-26,ETS,46933.097375,44611.527187069034,43027.72486249328,46195.329511644784,42189.266047035,47033.788327103066
4,2025-12-27,ETS,46604.419625,41294.80566249961,39711.00333792386,42878.60798707536,38872.54452246558,43717.06680253364
4,2025-12-28,ETS,44605.56625,38027.088714896425,36443.286390320674,39610.891039472175,35604.82757486239,40449.34985493046
4,2025-12-29,ETS,48437.28425,43793.88966879942,42210.08734422367,45377.69199337517,41371.62852876539,46216.15080883345
4,2025-12-30,ETS,49242.02170833,44803.080404350534,43219.278079774784,46386.882728926284,42380.8192643165,47225.341544384566
4,2025-12-31,ETS,45239.72320833,44867.48240877682,43283.68008420107,46451.28473335257,42445.22126874279,47289.74354881085
4,2025-12-25,DHR-Fourier,40745.18591667,44223.26136988624,42662.44042798142,45784.08231179106,41836.19173125696,46610.331008515524
4,2025-12-26,DHR-Fourier,46933.097375,44063.83721014735,41741.0547220543,46386.6196982404,40511.44794780184,47616.22647249286
4,2025-12-27,DHR-Fourier,46604.419625,40846.316581272215,38041.47484149228,43651.15832105215,36556.68131406609,45135.95184847834
4,2025-12-28,DHR-Fourier,44605.56625,37651.24636876424,34499.75833509421,40802.73440243427,32831.46134429091,42471.031393237565
4,2025-12-29,DHR-Fourier,48437.28425,43232.04034170789,39817.86716570607,46646.213517709715,38010.51306035916,48453.567623056624
4,2025-12-30,DHR-Fourier,49242.02170833,44221.519662793224,40602.508425623164,47840.53089996328,38686.71960074124,49756.319724845205
4,2025-12-31,DHR-Fourier,45239.72320833,44292.59603464129,40510.97653505111,48074.21553423147,38509.10809572137,50076.08397356121
