din_instante,count,mean,std,median
1,155,42813.95337473097,4649.944652627253,42893.640625
2,141,44685.87320626475,4889.700787343298,44315.19225
3,155,45064.88968172033,3945.5930323707134,44769.46366667
4,150,41821.328076110934,4130.12410700522,41523.712166665
5,155,40487.00781962367,3613.7638122594417,40374.18870833
6,150,39233.6949755558,2969.3577124656254,39311.170750000005
7,155,38808.874992473226,2866.778046695733,39259.86391667
8,155,40023.329986021614,3191.3380892523483,40427.13829167
9,150,42209.92698555573,4101.976602113898,41934.799395835
10,155,42030.19283800239,4183.446678900191,41806.05279167
11,150,42600.52912027753,4472.293885744955,42317.605916665
12,155,43024.46420589174,4573.972653822922,42914.42441667
