fold,modelo,media_residuo,dp_residuo,LjungBox_Q14,LjungBox_p14
1,SARIMA,15.509695649455994,1471.0537043654338,63.00323387320344,3.465739900657424e-08
1,ETS,0.6057418916304758,1237.4063928644741,124.58653382732088,7.922926313692376e-20
1,DHR-Fourier,26.62745607606107,1455.6032014156062,26.65372920861385,0.021348025960360936
2,SARIMA,19.442843935479377,1471.7294625932652,59.86177645539689,1.240518450448637e-07
2,ETS,5.717450598640275,1251.416463667884,132.1668521732005,2.536279539373908e-21
2,DHR-Fourier,25.958136439220194,1454.5970251410997,31.305643957959262,0.005022245483224244
3,SARIMA,19.813681423470328,1473.8386157904813,64.3808460331281,1.9724854331933315e-08
3,ETS,5.028692436369695,1248.972655230828,132.545124621205,2.134932225072413e-21
3,DHR-Fourier,25.308643620364975,1441.9336341562894,32.36287758568901,0.0035563060040049825
4,SARIMA,25.027166158007518,1478.6901600969322,69.66992121221745,2.2147849067631627e-09
4,ETS,9.936628343727211,1248.632978395246,131.16510635820896,4.0014546277829724e-21
4,DHR-Fourier,24.72342570049073,1433.955031826484,33.78716747376674,0.002215322338409501
5,SARIMA,26.09617084990711,1478.0156709277871,72.10152038509032,8.014822691662241e-10
5,ETS,8.26894576506875,1247.0970535681,131.99209025741987,2.7463367069664066e-21
5,DHR-Fourier,24.23815579295266,1424.096455457226,35.31127794066319,0.0013218336704903487
6,SARIMA,26.60635268015098,1476.1290449455778,73.87084733706462,3.810079612675539e-10
6,ETS,7.652178930262373,1245.2666819729252,132.24497540060557,2.4476422685949518e-21
6,DHR-Fourier,23.861599963982254,1417.464489417044,36.88881197600037,0.0007668836620194722
7,SARIMA,29.178547461987144,1474.9374993610056,73.85663351640477,3.832959260780484e-10
7,ETS,9.240610621897059,1243.1865625145745,131.73015610214486,3.094134806841862e-21
7,DHR-Fourier,23.540844052586163,1413.1521682047824,37.93210645223169,0.0005322289891446689
8,SARIMA,31.96322906485847,1474.6697489954486,73.3296766567953,4.784835657923637e-10
8,ETS,11.20145980017148,1241.2294498270257,131.9921895147383,2.7462126047644988e-21
8,DHR-Fourier,23.265914479781447,1411.252538085116,39.805655827591096,0.00027354476363208825
9,SARIMA,32.88317668116978,1471.6842415093731,73.11452205940068,5.237972970705515e-10
9,ETS,10.236924199058775,1239.0054356077471,132.48720671393093,2.1919980811170524e-21
9,DHR-Fourier,23.17467999640783,1409.5472527337192,41.125472571394056,0.00016996493899465125
10,SARIMA,30.337190709122492,1473.3903405599115,75.0262459607322,2.340325152006025e-10
10,ETS,5.967814679959399,1241.8946963186584,129.82222406625732,7.369570370794339e-21
10,DHR-Fourier,23.113721307991643,1409.831936495923,40.54800873275824,0.0002094500554997407
11,SARIMA,34.439611907605446,1471.265727484847,71.58348850188986,9.958112314382475e-10
11,ETS,9.517658662430124,1242.6848204904059,132.9139800197134,1.8047363439550183e-21
11,DHR-Fourier,23.092921502758955,1413.562341168889,41.6597930812544,0.0001399640165589122
12,SARIMA,33.37798256587357,1468.7296457086559,73.39946466404078,4.6463968575468723e-10
12,ETS,7.69490118685374,1240.7555180005286,133.50589487809555,1.3780826586634953e-21
12,DHR-Fourier,23.15577818549981,1414.2827565233804,41.63610561685666,0.0001411768517863853
13,SARIMA,31.235005283847798,1468.0874030019493,74.90818811364086,2.4599718172140884e-10
13,ETS,6.976237722570023,1240.0844018723067,134.31903348695803,9.512100699269963e-22
13,DHR-Fourier,23.276283537955223,1416.6552200138303,41.473063350125585,0.0001498079725052072
14,SARIMA,31.007204830838383,1464.8719330242295,74.84324482353195,2.5283623354110725e-10
14,ETS,7.507859935558874,1238.2208573129283,135.2834871343768,6.126296670576176e-22
14,DHR-Fourier,23.46690180867554,1419.753601751354,41.418479455632365,0.00015281110935004653
15,SARIMA,27.007088937528525,1467.381688877186,75.64396306145913,1.8025094099526534e-10
15,ETS,4.447668915609837,1240.1650099832812,135.64652392077764,5.190862845489055e-22
15,DHR-Fourier,23.698290010279734,1425.5251544912528,40.8542074279976,0.00018751343664487666
16,SARIMA,25.63044072471432,1466.455880103924,75.55050612623279,1.8751871484145538e-10
16,ETS,5.067848468709026,1239.5954397208845,137.01360876200079,2.780384011410435e-22
16,DHR-Fourier,23.87150293158276,1429.5820376352442,40.606266804702095,0.00020509196767516636
17,SARIMA,20.389462834301277,1481.445363381939,71.09367751077477,1.2223810186683565e-09
17,ETS,2.923185113125763,1251.864975055013,127.25956553076126,2.3595245570177833e-20
17,DHR-Fourier,23.839813404121767,1445.4012873805725,39.638307422971046,0.0002904416082927058
18,SARIMA,20.572857957141668,1482.1746133538898,73.53068401076354,4.3967897664533333e-10
18,ETS,4.552896046165841,1251.424780478707,126.75939934206956,2.960360560655116e-20
18,DHR-Fourier,24.050807023941367,1449.2773951176023,37.33384498931231,0.0006565620235967205
19,SARIMA,16.433487818959467,1487.3791553462968,75.28663649022423,2.0964983797210059e-10
19,ETS,3.449154147100862,1256.0304996882444,131.06163401255367,4.194338995667364e-21
19,DHR-Fourier,24.15459288733242,1456.2265165059923,39.773877758781325,0.0002766778868829916
20,SARIMA,15.092762879703734,1486.0511780911202,75.00971138297892,2.356727142970301e-10
20,ETS,2.992895916289523,1255.8987123817626,132.95213706313396,1.773634310668433e-21
20,DHR-Fourier,24.042225774540558,1458.7571353241165,39.85271926535447,0.00026896802173051953
21,SARIMA,14.221979545637891,1483.3663624744115,75.90710983599556,1.6125758975268787e-10
21,ETS,3.9284109225513184,1253.8126835405324,133.98365937786244,1.1083851326980883e-21
21,DHR-Fourier,24.306901363016603,1459.4044123987474,39.951160353648035,0.00025963499236967874
22,SARIMA,12.423659154102147,1480.6199579900472,76.56244575842442,1.2216998035126278e-10
22,ETS,3.174295792175142,1251.3144591013347,134.66951222849193,8.106888832678641e-22
22,DHR-Fourier,24.326384873403075,1458.536484253773,39.911863968344804,0.0002633221380571453
23,SARIMA,10.919203936202036,1477.8602952898536,75.89656214949287,1.6197911996357622e-10
23,ETS,3.474023271578655,1249.6489444714973,134.8047590901441,7.621846229181406e-22
23,DHR-Fourier,24.295396057021428,1457.948327924436,39.934137586812255,0.0002612260044156903
24,SARIMA,10.281359238617215,1474.979955985122,76.39589384436734,1.3110538285029014e-10
24,ETS,3.225982492835931,1247.421271931041,135.20672451684936,6.344698954989286e-22
24,DHR-Fourier,24.2448078153323,1455.949127452556,39.78000145928599,0.0002760714200391491
25,SARIMA,7.857904483773654,1472.423193861987,75.96593823018341,1.5729158562582884e-10
25,ETS,2.454122839788425,1245.6452699860092,136.3214689387944,3.8142486253428137e-22
25,DHR-Fourier,24.182794661609897,1453.802797860897,40.078859650523114,0.0002479972254915987
26,SARIMA,7.2585863434904745,1470.5063287856817,75.3773997458121,2.0175884775546196e-10
26,ETS,3.1919000618367455,1245.4981726833207,135.87275678565905,4.681534244942383e-22
26,DHR-Fourier,24.06638482258578,1453.3667459244261,40.15024214674736,0.00024171508273932395
27,SARIMA,5.825589833901574,1468.979150824581,75.02309515478152,2.3434419136446243e-10
27,ETS,2.373014667234896,1244.8906071611527,137.1536784496622,2.608016932126106e-22
27,DHR-Fourier,23.98772036863734,1451.7112001502712,40.39157882245269,0.00022160386370430064
28,SARIMA,3.7880217148899025,1466.194738349487,75.11312080641508,2.2559939261467475e-10
28,ETS,1.7701543168754033,1242.6247883671833,137.7145299598271,2.018333553166522e-22
28,DHR-Fourier,23.89577050709175,1448.8353138298944,40.57092975593003,0.000207724736454202
29,SARIMA,3.559280606377299,1463.7985751528718,75.55013153245419,1.8754842415494198e-10
29,ETS,2.4833183946211803,1241.0202723628984,137.64188483945014,2.0864782690941172e-22
29,DHR-Fourier,23.798112407931793,1447.2217691978756,40.70337475371216,0.00019802353654962577
30,SARIMA,3.333405241491025,1460.6676848109087,76.11835160656514,1.4746191639949078e-10
30,ETS,2.7374552780320736,1238.729611233007,138.4076942744846,1.470131958184498e-22
30,DHR-Fourier,23.741092544297278,1445.309179155691,40.85022280095174,0.00018778395273940824
31,SARIMA,2.7195120760674523,1458.24167651709,76.35731227161715,1.3326628759273912e-10
31,ETS,2.2665592823662726,1237.2011367418258,138.47900756521557,1.4229595434381965e-22
31,DHR-Fourier,23.70790898177842,1444.5934812173882,40.8021395875257,0.00019107850217840025
32,SARIMA,2.8229670727049947,1455.2550481964252,76.41873005685258,1.298428118067428e-10
32,ETS,2.7622528706416016,1235.3481785844547,139.35420165836382,9.53483292858625e-23
32,DHR-Fourier,23.68071193839482,1444.3086803706647,40.68566478975128,0.0001992946630497681
33,SARIMA,1.2732225234604195,1452.436752984191,75.95976374514319,1.5770324918786765e-10
33,ETS,1.6081472692489218,1233.8819384390451,139.60724375429604,8.492220430705592e-23
33,DHR-Fourier,23.760788252853086,1444.6419498665252,40.376854489844035,0.00022278266981187774
34,SARIMA,2.5365489899681037,1449.6599009034712,76.80117606344261,1.1040860913638928e-10
34,ETS,3.1576797809809873,1231.7289651432184,140.17580185918337,6.546222651998869e-23
34,DHR-Fourier,23.83017255293976,1445.8097792944855,39.986474207760644,0.0002563644881262437
35,SARIMA,3.7592871756113566,1447.288488711311,77.55278912738352,8.02493532226188e-11
35,ETS,3.4743451379977874,1229.8907771472873,140.63653183089548,5.301103099850216e-23
35,DHR-Fourier,23.942991859375706,1447.7794121392199,39.39166197138141,0.0003172123773192832
36,SARIMA,4.373056066444067,1444.3948146503742,78.13412029986652,6.267782523005617e-11
36,ETS,3.6272814475296835,1227.7879220910615,141.4037160089816,3.7302478985270463e-23
36,DHR-Fourier,24.074695160728233,1450.0563677588218,39.00058571370705,0.0003646551199514599
37,SARIMA,5.7793346973063064,1442.2932114103132,78.53272693904384,5.289846611627295e-11
37,ETS,4.632987779811193,1226.7687573918754,142.3270796655531,2.4430888972365255e-23
37,DHR-Fourier,24.233915164998223,1453.814488057651,38.65507790025766,0.00041226168880943313
38,SARIMA,5.709947711450729,1439.325191021271,78.95409336009136,4.4207615036200217e-11
38,ETS,3.9015325789727644,1224.7199483315248,142.65809696079063,2.0990523995444583e-23
38,DHR-Fourier,24.39314642620171,1456.6275966370192,38.129225770631216,0.0004965168775763822
39,SARIMA,6.313907645539741,1438.9659481439323,80.20491841628126,2.5924229101200337e-11
39,ETS,3.6173805225944555,1225.6717478529285,144.61856738058938,8.53797687510787e-24
39,DHR-Fourier,24.579172665791145,1461.3994100581954,37.86270234078063,0.0005453870695689292
40,SARIMA,6.637341514954836,1438.4676845498677,80.25510339330003,2.5374264091807663e-11
40,ETS,4.242731914342238,1225.8338244531938,145.5484345452149,5.570505749678231e-24
40,DHR-Fourier,24.727262077278233,1465.147314716619,36.660878035384826,0.0008301420330559216
41,SARIMA,8.213847343077672,1436.5366882056826,79.3469723702165,3.739020535936168e-11
41,ETS,5.355740673076744,1224.9183562449743,144.47068710903076,9.13776182430138e-24
41,DHR-Fourier,24.82066782959818,1468.3902625952944,35.45789651310261,0.0012571333482773793
42,SARIMA,8.288268879102356,1433.650808411513,79.07848859483086,4.192495293901158e-11
42,ETS,4.580010568092062,1224.754324519738,147.67873560242,2.092295234289613e-24
42,DHR-Fourier,24.951266044222812,1470.0695115993287,35.79508227496719,0.0011197331013957485
43,SARIMA,6.4135149054209295,1437.6242671025398,81.18075863504775,1.7078768903692435e-11
43,ETS,1.4220258712852467,1228.232982829176,149.99944707564626,7.190203101715484e-25
43,DHR-Fourier,25.074665668542472,1472.1179640826858,34.81240473030382,0.0015669311851739434
44,SARIMA,8.916035312188578,1435.7015131722164,80.90459348704152,1.9221485139654538e-11
44,ETS,4.391086215166951,1227.7201352923794,152.38004730985813,2.400264066165039e-25
44,DHR-Fourier,25.035355579484516,1471.257914739523,34.37133141312487,0.0018196522070443681
45,SARIMA,9.294037979169147,1434.5546758547111,80.66798188189816,2.1268790761047853e-11
45,ETS,4.152116057162689,1226.678362241159,152.45368744099574,2.3201167754516464e-25
45,DHR-Fourier,24.930967032811395,1467.7005499322129,33.777412833444465,0.0022225846084018863
46,SARIMA,8.976191330421424,1433.6880891319695,80.24681615226007,2.5464274895728847e-11
46,ETS,3.265271184403579,1226.489412317544,151.80821385269326,3.1244228577802723e-25
46,DHR-Fourier,24.758451901293213,1463.0787183865873,33.44697986419467,0.002482552824793864
47,SARIMA,11.28700081106026,1434.3196714249987,79.41628329433782,3.630104121429765e-11
47,ETS,5.014123289288679,1227.3238170620557,150.2267167424459,6.475597816169049e-25
47,DHR-Fourier,24.50500665568438,1458.2145546796219,32.49427544577388,0.00340569162585863
48,SARIMA,11.319503425027625,1436.2323216809111,78.84359698969236,4.633870791906663e-11
48,ETS,3.7452653718052327,1233.2308333662802,157.31998604540436,2.452275826507296e-26
48,DHR-Fourier,24.275559874162717,1453.742202625956,33.95607162835576,0.0020931322381567644
49,SARIMA,14.302445899402395,1435.384058108736,79.19594970372208,3.9877319422109484e-11
49,ETS,6.354453217456465,1232.343573935261,157.8283455214985,1.9385404835336654e-26
49,DHR-Fourier,23.85398199282051,1444.965108775388,34.25115251387366,0.0018950466186044735
50,SARIMA,14.104183643557509,1432.7493050197809,79.2516890580798,3.894077066238628e-11
50,ETS,4.884403002467209,1231.8309362030798,160.72873819810988,5.063927597163511e-27
50,DHR-Fourier,23.44623352484688,1433.3390549822213,34.98940584742929,0.0014753351588770672
51,SARIMA,16.015466679983447,1432.521451882675,80.2196443211799,2.5761633102890207e-11
51,ETS,6.085468730648083,1231.107448015608,161.55896593493662,3.447116522587337e-27
51,DHR-Fourier,22.971022166045636,1423.108534560271,35.779704903527055,0.0011256703704614602
52,SARIMA,14.960129621913708,1433.2297358000133,79.35941377063381,3.7192332236054003e-11
52,ETS,4.882928560246551,1235.0346450592697,163.3232034166741,1.5215691891104004e-27
52,DHR-Fourier,22.57895939910548,1415.4085637128837,36.78548006547503,0.0007949602499673746
