fold,treino_inicio,treino_fim,teste_inicio,teste_fim,n_treino,n_teste
1,2021-01-01,2024-12-31,2025-01-01,2025-01-07,1461,7
2,2021-01-01,2025-01-07,2025-01-08,2025-01-14,1468,7
3,2021-01-01,2025-01-14,2025-01-15,2025-01-21,1475,7
4,2021-01-01,2025-01-21,2025-01-22,2025-01-28,1482,7
5,2021-01-01,2025-01-28,2025-01-29,2025-02-04,1489,7
6,2021-01-01,2025-02-04,2025-02-05,2025-02-11,1496,7
7,2021-01-01,2025-02-11,2025-02-12,2025-02-18,1503,7
8,2021-01-01,2025-02-18,2025-02-19,2025-02-25,1510,7
9,2021-01-01,2025-02-25,2025-02-26,2025-03-04,1517,7
10,2021-01-01,2025-03-04,2025-03-05,2025-03-11,1524,7
11,2021-01-01,2025-03-11,2025-03-12,2025-03-18,1531,7
12,2021-01-01,2025-03-18,2025-03-19,2025-03-25,1538,7
13,2021-01-01,2025-03-25,2025-03-26,2025-04-01,1545,7
14,2021-01-01,2025-04-01,2025-04-02,2025-04-08,1552,7
15,2021-01-01,2025-04-08,2025-04-09,2025-04-15,1559,7
16,2021-01-01,2025-04-15,2025-04-16,2025-04-22,1566,7
17,2021-01-01,2025-04-22,2025-04-23,2025-04-29,1573,7
18,2021-01-01,2025-04-29,2025-04-30,2025-05-06,1580,7
19,2021-01-01,2025-05-06,2025-05-07,2025-05-13,1587,7
20,2021-01-01,2025-05-13,2025-05-14,2025-05-20,1594,7
21,2021-01-01,2025-05-20,2025-05-21,2025-05-27,1601,7
22,2021-01-01,2025-05-27,2025-05-28,2025-06-03,1608,7
23,2021-01-01,2025-06-03,2025-06-04,2025-06-10,1615,7
24,2021-01-01,2025-06-10,2025-06-11,2025-06-17,1622,7
25,2021-01-01,2025-06-17,2025-06-18,2025-06-24,1629,7
26,2021-01-01,2025-06-24,2025-06-25,2025-07-01,1636,7
27,2021-01-01,2025-07-01,2025-07-02,2025-07-08,1643,7
28,2021-01-01,2025-07-08,2025-07-09,2025-07-15,1650,7
29,2021-01-01,2025-07-15,2025-07-16,2025-07-22,1657,7
30,2021-01-01,2025-07-22,2025-07-23,2025-07-29,1664,7
31,2021-01-01,2025-07-29,2025-07-30,2025-08-05,1671,7
32,2021-01-01,2025-08-05,2025-08-06,2025-08-12,1678,7
33,2021-01-01,2025-08-12,2025-08-13,2025-08-19,1685,7
34,2021-01-01,2025-08-19,2025-08-20,2025-08-26,1692,7
35,2021-01-01,2025-08-26,2025-08-27,2025-09-02,1699,7
36,2021-01-01,2025-09-02,2025-09-03,2025-09-09,1706,7
37,2021-01-01,2025-09-09,2025-09-10,2025-09-16,1713,7
38,2021-01-01,2025-09-16,2025-09-17,2025-09-23,1720,7
39,2021-01-01,2025-09-23,2025-09-24,2025-09-30,1727,7
40,2021-01-01,2025-09-30,2025-10-01,2025-10-07,1734,7
41,2021-01-01,2025-10-07,2025-10-08,2025-10-14,1741,7
42,2021-01-01,2025-10-14,2025-10-15,2025-10-21,1748,7
43,2021-01-01,2025-10-21,2025-10-22,2025-10-28,1755,7
44,2021-01-01,2025-10-28,2025-10-29,2025-11-04,1762,7
45,2021-01-01,2025-11-04,2025-11-05,2025-11-11,1769,7
46,2021-01-01,2025-11-11,2025-11-12,2025-11-18,1776,7
47,2021-01-01,2025-11-18,2025-11-19,2025-11-25,1783,7
48,2021-01-01,2025-11-25,2025-11-26,2025-12-02,1790,7
49,2021-01-01,2025-12-02,2025-12-03,2025-12-09,1797,7
50,2021-01-01,2025-12-09,2025-12-10,2025-12-16,1804,7
51,2021-01-01,2025-12-16,2025-12-17,2025-12-23,1811,7
52,2021-01-01,2025-12-23,2025-12-24,2025-12-30,1818,7
