fold,data,modelo,real,prev,lo80,hi80,lo95,hi95,erro_abs
2,2025-01-08,SNaive7,47114.19408333,35903.90045833,,,,,11210.293625000006
16,2025-04-21,SARIMA,38755.57283333,46974.96477471588,43776.267753916865,50173.6617955149,42082.97983491561,51866.94971451615,8219.391941385882
3,2025-01-21,SARIMA,53362.516375,45415.19756816271,42236.199153114605,48594.19598321081,40553.33904610127,50277.05609022415,7947.318806837291
1,2025-01-06,ETS,45811.22641667,38025.74922979165,36439.94912980128,39611.549329782014,35600.43269977728,40451.06575980601,7785.47718687835
1,2025-01-07,SNaive7,46742.8355,38959.76245833,,,,,7783.073041670003
1,2025-01-07,ETS,46742.8355,38959.7624982295,37373.962398239135,40545.56259821987,36534.445968215136,41385.07902824387,7783.073001770499
4,2025-01-22,SNaive7,54012.871,46287.59545833,,,,,7725.275541670002
3,2025-01-21,DHR-Fourier,53362.516375,45703.36669528799,41954.46244756677,49452.2709430092,39969.912416450316,51436.82097412566,7659.149679712013
3,2025-01-21,SNaive7,53362.516375,45720.62383333,,,,,7641.89254167
3,2025-01-21,ETS,53362.516375,45720.62384171572,44120.00098008226,47321.246703349185,43272.6374374633,48168.61024596814,7641.892533284277
16,2025-04-21,SNaive7,38755.57283333,46186.83783333,,,,,7431.264999999999
17,2025-04-28,SNaive7,46112.70725,38755.57283333,,,,,7357.13441667
48,2025-12-01,DHR-Fourier,49317.68354167,42056.18288136317,38286.357074169835,45826.00868855651,36290.73183847149,47821.63392425486,7261.500660306825
18,2025-05-01,SARIMA,39260.50120833,46321.9910533751,44003.32474277818,48640.65736397202,42775.89694127036,49868.085165479846,7061.4898450451
1,2025-01-04,ETS,42866.86179167,35893.65132837187,34307.8512283815,37479.451428362234,33468.3347983575,38318.96785838623,6973.210463298135
16,2025-04-18,SARIMA,40379.49491667,47307.67634572637,44617.316561345266,49998.03613010748,43193.12612035083,51422.22657110191,6928.181429056371
48,2025-12-02,DHR-Fourier,49717.447625,42854.2595502155,38888.47201288634,46820.04708754466,36789.11090346568,48919.40819696533,6863.188074784499
9,2025-03-04,ETS,47364.22766667,54124.66113478598,52536.8117790646,55712.51049050736,51696.21048099479,56553.11178857717,6760.433468115982
9,2025-03-04,SNaive7,47364.22766667,54124.661125,,,,,6760.433458330001
43,2025-10-27,DHR-Fourier,45149.77225,38442.49828340317,34490.229489358964,42394.76707744737,32398.024770348416,44486.97179645792,6707.273966596833
