fold,modelo,RMSE,MAE,MAPE,sMAPE,ME
1,DHR-Fourier,5002.524445186419,4860.304203427237,11.358258173810036,11.972951264491114,3982.9938496391633
1,ETS,6176.823688349297,5913.659024812003,13.741102706007153,14.721044157984114,5002.137947857419
1,SARIMA,3013.0400962351737,2907.661286141294,6.832776790480863,7.002160602635887,2099.7187914014035
1,SNaive7,3710.9334633101,2694.0229821442854,6.012963073857654,6.35712647215415,2500.9449940471427
2,DHR-Fourier,337.31423322778386,279.47718688474043,0.6279601591727542,0.6304918392394728,192.1220502515051
2,ETS,554.3231865246868,457.61370353881335,1.0054826036189537,0.998782095071893,-327.4553379894746
2,SARIMA,1104.8978127603766,949.9455040974478,2.1122363147318763,2.1104246115454184,-340.43356691069596
2,SNaive7,4532.140334708659,2648.553988095716,5.688433340238037,6.200372415179176,2176.636857141431
3,DHR-Fourier,4555.066986531987,4018.092387541771,8.228127335856017,8.674990669246537,4018.092387541771
3,ETS,4603.495727421767,4009.411322275793,8.220197607811222,8.680669205125216,4009.411322275793
3,SARIMA,4202.325264229714,3627.9209256417566,7.394230041504548,7.7639331315717754,3627.9209256417566
3,SNaive7,4194.5896742238465,3588.7485059528576,7.315702806832483,7.68196840565693,3352.57747023857
4,DHR-Fourier,443.0108647467009,363.9079224709411,0.7129674896818944,0.7165977286708436,363.9079224709411
4,ETS,1351.1885214919944,1099.5897639764537,2.164334044122691,2.1308220443334043,-959.4889909431689
4,SARIMA,1239.6577686950338,1111.9207318255721,2.197454881235897,2.2272562653728363,1111.9207318255721
4,SNaive7,3965.0979978173955,3231.8053273828577,6.234041480589267,6.495142300586028,2397.55342262
5,DHR-Fourier,1312.6857541166232,1071.917702651196,2.349273579167389,2.309999365232105,-810.5291293479947
5,ETS,1725.3563151606031,1528.4496330650654,3.298253898260777,3.2294878814216665,-1528.4496330650654
5,SARIMA,1401.9277101921425,1235.1998471952954,2.662000053598751,2.63096943490729,-570.5229866385926
5,SNaive7,3246.8261999865695,3039.52639881,6.514824007633116,6.277574941165364,-3039.52639881
6,DHR-Fourier,2416.1274442263825,2245.5843493921443,4.449031269154282,4.564565755345957,2245.5843493921443
6,ETS,2082.2160551553634,1958.3560975618,3.915400166476553,4.003657224693016,1958.3560975618
6,SARIMA,2686.470677117228,2549.2987111911934,5.063578072971724,5.207925251429883,2549.2987111911934
6,SNaive7,2915.8085364659596,2648.3394523814286,5.323306082471808,5.501247282993236,2611.2614166671433
7,DHR-Fourier,2816.033970933588,2364.5273355605595,4.449851665968023,4.5904309237582765,2364.5273355605595
7,ETS,1965.1090491087614,1617.1241810819108,3.071935848189992,3.1415923996878794,1617.1241810819108
7,SARIMA,3312.5786476188296,2918.0259240735677,5.531864551358452,5.7310915681943255,2918.0259240735677
7,SNaive7,2281.8128249230986,2118.8662797599995,4.030414791250987,4.125097372988939,2118.8662797599995
8,DHR-Fourier,822.5099845858049,759.7899438978753,1.4526283043058896,1.4577938087374496,239.31320882213706
8,ETS,1009.4397573531246,963.7615275542672,1.8435657044443565,1.825039880654224,-963.7615275542672
8,SARIMA,1329.7797311956097,1147.4812147865293,2.1669731050314422,2.1984372058798103,1147.4812147865293
8,SNaive7,1322.8298404043687,1210.9225535728579,2.248227180352117,2.2619550380529967,447.0128273814293
9,DHR-Fourier,2252.141224693456,1694.583372575678,3.4961917676189747,3.396694649277247,-1101.3209767513993
9,ETS,3240.881469043428,2073.97555232815,4.347209730827608,4.128564355512436,-2073.97555232815
9,SARIMA,2269.9708352892544,1582.771234448833,3.231676876449759,3.135756044785649,-796.0725045902363
9,SNaive7,3451.5037027851536,2519.3444821428575,5.214123892689071,4.967672157770344,-2519.3444821428575
10,DHR-Fourier,5247.446211271139,5170.528232450304,10.200019723211366,10.763660673365466,5170.528232450304
10,ETS,5079.2256742970985,4996.043718436828,9.879356947307206,10.41215057345706,4996.043718436828
10,SARIMA,3606.60930537702,3588.1816918307877,7.083276077262482,7.345506638846449,3588.1816918307877
10,SNaive7,3242.261529515809,2585.784065475714,4.9688724295099895,5.068005586469577,561.9193630957141
11,DHR-Fourier,461.5908231216883,392.6972170811766,0.8020532131211854,0.7979269427883419,-263.06943569539624
11,ETS,1488.0228429468723,1243.9861817222138,2.4893132767863317,2.446071542736209,-1243.9861817222138
11,SARIMA,977.8496540723484,899.2434748063907,1.8063521240996798,1.7871466704186947,-899.2434748063907
11,SNaive7,1712.7324321376295,1319.2636071414288,2.662740611053682,2.6175364441930786,-737.8809999985721
12,DHR-Fourier,1468.0932042739232,1203.9712437790524,2.5721245273402116,2.526060317721171,-976.3997282125949
12,ETS,1975.0940517338986,1722.396393218011,3.6671735220545774,3.581233198108072,-1722.396393218011
12,SARIMA,2648.7873458521312,2448.491463087596,5.258360703939637,5.102225436829706,-2448.491463087596
12,SNaive7,3596.709130054474,3242.3904404771433,6.968184718132103,6.683770445376772,-3242.3904404771433
13,DHR-Fourier,1735.7204983669355,1473.3455739490153,3.070346361197485,3.136460722242337,1451.5206302890033
13,ETS,1067.6790365652025,936.4598585438071,1.9764632083952267,1.9997505649605802,740.6836255637027
13,SARIMA,493.06754541027067,346.50422487044125,0.7104057197758427,0.707228883677095,-72.27313659932823
13,SNaive7,1462.968534575214,1381.4166309514299,2.8749849276523607,2.9220569060559782,1381.4166309514299
14,DHR-Fourier,2706.5324408629217,2497.824296747171,5.71891662595017,5.560746934470361,-1242.8120490580945
14,ETS,3494.0797507240804,2862.978564317381,6.677915666197958,6.363429968067417,-2307.5231529186017
14,SARIMA,3942.2305448293496,3205.689501549238,7.511777748169569,7.107572148959113,-2627.847156176805
14,SNaive7,4000.2824714674875,3514.7435,8.08224840953584,7.716971109924155,-2181.3046071428575
15,DHR-Fourier,2121.910746588387,1986.8368829958324,4.453567752774761,4.5708493075699215,1986.8368829958324
15,ETS,1561.4629101892217,1409.9266711400257,3.1697211320270418,3.23359891723172,1409.9266711400257
15,SARIMA,1188.8870355916767,938.9463578832136,2.064323426121752,2.0364993106445337,-671.0063047306758
15,SNaive7,3312.185762947369,2835.971071427143,6.272748727587799,6.128774689569018,-1023.9172142842851
16,DHR-Fourier,2666.1223732574495,1919.1042693747233,4.797354654841133,4.58388905273351,-1876.490611729449
16,ETS,3588.598496250885,2909.5473567055556,7.221539705882547,6.841823463952406,-2909.5473567055556
16,SARIMA,4899.534392264741,4256.914645321742,10.536064655709417,9.841277023630083,-4256.914645321742
16,SNaive7,3884.508624799803,3311.6270238114294,8.229936416049169,7.780866408839815,-3311.6270238114294
17,DHR-Fourier,3515.107365292555,3268.5429290425623,7.41267417751276,7.745673751607225,3268.5429290425623
17,ETS,3233.4861656670655,3042.9320368830377,6.896751629245777,7.1764691939863345,3042.9320368830377
17,SARIMA,1054.0641302381339,915.7876617110077,2.0533661995540795,2.0708403929374364,441.2795850455233
17,SNaive7,3988.303055075075,3237.643982144286,7.233409825149846,7.606932759885124,2603.3070178585717
18,DHR-Fourier,2445.0703231301472,1723.1344401781785,4.30955324778286,4.130423736403476,-1641.4513166306444
18,ETS,3346.4529153226963,2945.8428300092532,7.317205974133732,6.985200228400289,-2945.8428300092532
18,SARIMA,4158.0520320738,3854.19690546243,9.583239630902238,9.073043516466281,-3854.19690546243
18,SNaive7,3907.5370125403783,3431.295821427143,8.580349308361326,8.128261047558622,-3387.932690475714
19,DHR-Fourier,2317.0042026934134,1987.422032208498,4.594191873868614,4.740705859344055,1987.422032208498
19,ETS,1724.3082313767698,1370.799628825849,3.1325776824493654,3.2056949697195485,1048.4195053818705
19,SARIMA,1760.0364591940897,1545.8016832168266,3.60607378452324,3.5808821130272177,-191.04455733705566
19,SNaive7,3354.8189457423837,2517.911017858572,5.69733187698145,5.991152607322933,2255.648434524286
20,DHR-Fourier,2160.6988338403157,1808.0144500129213,4.320718139651121,4.455638917307177,1667.2248043490035
20,ETS,1206.4804965576122,1084.2458117779668,2.5883061735139106,2.621547986420843,680.5268542923649
20,SARIMA,896.0729526967946,770.599613430388,1.8437314034168235,1.8212559584114554,-770.599613430388
20,SNaive7,2182.9912995334985,1960.8427619057131,4.617236238764706,4.525177907469679,-1053.4929404771444
21,DHR-Fourier,650.9102211725055,580.0949638982503,1.335146766656182,1.3462118944097143,580.0949638982503
21,ETS,866.9830153442915,692.5043852030337,1.7020937953655686,1.6798146216996348,-591.073072178123
21,SARIMA,1594.1856011446723,1298.3206479073592,3.2015104886751358,3.1248994464633317,-1223.6775444951584
21,SNaive7,1674.0572477306005,1531.1473690471414,3.5732511017529105,3.6010341321165114,261.2239047614307
22,DHR-Fourier,1107.130560601986,909.1579043664066,2.1810242620514253,2.201433121659563,400.9090712352845
22,ETS,958.0399104070125,762.9310836027081,1.8732726378985456,1.8486482261008017,-609.1032975503996
22,SARIMA,1747.9433247269046,1601.0422730377893,3.971212523344767,3.878669418667994,-1601.0422730377893
22,SNaive7,1736.280360654901,1368.8365654757176,3.3134558539774135,3.230818515772044,-1215.0087797614312
23,DHR-Fourier,1709.5773152307172,1625.947535127262,3.8461750963260632,3.9315608629982015,1625.947535127262
23,ETS,855.3373732270151,791.7155607845187,1.8713919776136634,1.8911972505972217,676.971040175497
23,SARIMA,648.7591648527855,511.65683237227285,1.185963636556045,1.1850099273020456,117.1446603085642
23,SNaive7,2149.4583366927613,1916.2521011900014,4.486674737958484,4.615075496603913,1801.5075773814315
24,DHR-Fourier,939.1085830574299,801.8660987442937,1.9769826110775541,1.9570252169049738,-397.80867928638224
24,ETS,1616.6974265532451,1506.0338404419028,3.728347658087318,3.65071620533885,-1506.0338404419028
24,SARIMA,2125.7937967046023,2064.6060521650006,5.142667712031717,5.006373216482369,-2064.6060521650006
24,SNaive7,2717.4841830686646,2566.413886905714,6.412052937895255,6.189904905014095,-2566.413886905714
25,DHR-Fourier,1791.7914811193612,1474.1676173999751,3.602265312487779,3.67587003281114,1012.8384389585927
25,ETS,1241.3999788100607,979.0575179901706,2.3775516432904773,2.3783988218791525,148.42921989775328
25,SARIMA,1083.8731045683753,817.8982046038602,2.048728142986883,2.0149621784144762,-655.588783937839
25,SNaive7,947.2900665456692,771.6953988114286,1.8614645272406076,1.874631630255046,431.3645654771421
26,DHR-Fourier,931.3503608028022,795.2180429260271,1.9568830368738268,1.9495876089098592,35.8876745924811
26,ETS,1211.9181612696698,949.7476781027581,2.305958803859356,2.2639593880011804,-949.7476781027581
26,SARIMA,1249.2591573852344,1034.475273291441,2.536757134299483,2.4913614566169984,-1034.475273291441
26,SNaive7,1339.4632547966194,1222.0778333357136,2.9345438399568846,2.9474700644169225,141.65348809571464
27,DHR-Fourier,360.578393380221,329.6523905662522,0.8534812355760403,0.8491693100390864,-299.2262491586308
27,ETS,1152.638990252296,1119.3701625921854,2.8976169134810927,2.8524321206172516,-1119.3701625921854
27,SARIMA,1802.5644488383866,1604.1171560086846,4.182122242123908,4.072272294540805,-1604.1171560086846
27,SNaive7,1737.4255481234145,1559.1788273828558,4.070037828101554,3.9674875012374713,-1502.2064107142849
28,DHR-Fourier,1440.1039065733623,1387.9687674621164,3.470805683944991,3.531342929918744,1164.4427854286987
28,ETS,949.5689843600358,916.0785049224578,2.2695313403539537,2.288259402134867,629.6920748881187
28,SARIMA,561.3765004847437,489.90446685555384,1.221994245473299,1.2185988227285216,-130.84903238853647
28,SNaive7,1154.314916776336,1128.5091904757116,2.8356945915474006,2.86358987085139,756.2051547614267
29,DHR-Fourier,642.1154787949501,493.1905360701515,1.189648106184404,1.2014017094131269,475.8140926441057
29,ETS,373.45647309490266,305.8574908495284,0.7848281244112829,0.7817678695176485,-137.4046731387321
29,SARIMA,613.847320323421,492.61908788470464,1.2723106865752116,1.2609566023730607,-342.63201654764896
29,SNaive7,800.8940913608703,541.8357142857151,1.3039144339351527,1.3215256334551853,425.9300476171442
30,DHR-Fourier,766.5733417920583,594.669273661461,1.441054793446953,1.4581671964646479,594.669273661461
30,ETS,487.5065470708288,377.7313261749628,0.908885764433707,0.9093782066995345,27.70145205622352
30,SARIMA,575.070054839148,500.8791081950289,1.2036313256872,1.2018218312427036,29.095368342987577
30,SNaive7,890.2450845772743,842.1959583357135,2.0533987173505164,2.071738800436689,609.5705297642853
31,DHR-Fourier,995.233901172031,846.999673683083,2.1026168697514924,2.128412669476912,645.1961347036694
31,ETS,632.6839841023999,480.9495303875987,1.1781802265873247,1.173031024149714,-157.01284661052134
31,SARIMA,383.19084911233745,340.56617427080863,0.8495860521233207,0.8463043138118345,-226.52481230356975
31,SNaive7,1330.4814072958372,1221.054101192858,3.018469338442767,2.9721730081775495,-967.9191845242874
32,DHR-Fourier,986.3485680893237,831.1739697995124,2.1568065392763818,2.1258692306671736,-664.9870523984791
32,ETS,1507.1196269701964,1264.4833205963243,3.2887606365285906,3.2117830780301007,-1199.564440565007
32,SARIMA,1543.0581595974484,1203.034547789722,3.1451414944474476,3.065055475807725,-1149.6520230455196
32,SNaive7,1347.4196789663922,1236.3126428557152,3.0926663420442893,3.072689095540523,-190.72325000142777
33,DHR-Fourier,2253.3356135557706,2085.912574424498,5.116166796194842,5.272692586151503,2085.912574424498
33,ETS,1797.8034594692347,1643.9610722966286,4.011523703312806,4.108550582981971,1643.9610722966286
33,SARIMA,1148.6584046201763,1093.5603483418215,2.6797888267896255,2.7197115547640434,1093.5603483418215
33,SNaive7,1747.7884368919813,1483.471624997143,3.6339338770498033,3.7136477145135336,868.2391845257142
34,DHR-Fourier,2118.738308576541,2031.306185973984,4.726799183466408,4.852053984218478,2031.306185973984
34,ETS,1475.5981952279271,1323.802196847276,3.070816678597616,3.1303085351853137,1323.802196847276
34,SARIMA,1825.302159105374,1737.2031311956391,4.041213023682619,4.133770942914576,1737.2031311956391
34,SNaive7,2564.246183515908,2327.1582380971427,5.3780934108581455,5.557676304992292,2327.1582380971427
35,DHR-Fourier,993.1842538895146,875.5759059625644,2.017365971508891,2.0434238046888793,875.5759059625644
35,ETS,419.97773381766666,345.608957805517,0.8344042401295588,0.833946332374383,54.724367316440166
35,SARIMA,580.3742903692864,494.30342158154235,1.133223186860988,1.141596942468278,431.75275738692807
35,SNaive7,1006.8899055023583,815.843595239998,2.0007788897672074,1.9701245720512965,-710.267607145713
36,DHR-Fourier,1450.5555781077328,990.3602040414969,2.2082541197975587,2.260555046190189,938.4744920382238
36,ETS,875.5964925922772,681.8012295328725,1.610418225830596,1.6153247592364859,121.13226169302445
36,SARIMA,1080.6257722941225,765.6363688353657,1.744804384364126,1.768967136959295,485.5166191639645
36,SNaive7,766.864236275725,475.5441785714273,1.0730255717012573,1.085780214219914,346.9610357142852
37,DHR-Fourier,461.90617151982593,410.4348763882694,0.9447231570787282,0.944784820435416,-25.63520385373184
37,ETS,951.3144657241639,917.8874532868202,2.1393831822672773,2.1145976157140183,-917.8874532868202
37,SARIMA,378.3832625069719,310.25172754296153,0.7061787320164917,0.7069293401426335,1.678285684678745
37,SNaive7,1108.449155443475,1076.8798333328575,2.508457724001809,2.531530438128855,713.7537261899997
38,DHR-Fourier,2314.667473130353,1824.8674598424748,4.195216485012076,4.3421922376948245,1727.1963566060408
38,ETS,1463.5568305514116,1224.3438958473696,2.817479470241849,2.8647264647072013,619.2827287359323
38,SARIMA,1899.1312599858618,1389.3408384426168,3.216680722754397,3.316676526594274,1228.3591286468788
38,SNaive7,1452.2332530679766,1241.6480892857144,2.8681174577192774,2.900403923389977,310.5320059542854
39,DHR-Fourier,1826.4480902735568,1504.3341872882718,3.5867517845918693,3.5907374980555633,-111.95134527945109
39,ETS,2193.843787503422,1913.9583657572136,4.774473726474309,4.637206066774619,-1574.4544860366773
39,SARIMA,1921.2914073806835,1641.3385784662792,4.075759109078444,3.983640430394702,-1099.1413803911305
39,SNaive7,3392.216730889043,3016.6616547642852,7.6146046626167,7.264251281329352,-2677.1577619071427
40,DHR-Fourier,2421.217458090651,1720.2842611008516,3.777405089733045,3.9184521310950933,1712.6659999954584
40,ETS,1388.0019174650272,914.6689049643464,1.9817997988384208,2.0249483947776983,703.0418406373085
40,SARIMA,1788.808654574028,1326.449373325573,2.923982749764783,3.0006766673296177,1326.449373325573
40,SNaive7,3578.4741625107167,3414.1713511885714,7.714241839738885,8.057075040826238,3414.1713511885714
41,DHR-Fourier,1451.3961370704724,1348.4209326914101,3.020715851372606,3.0106260876339492,-357.05767016018734
41,ETS,2171.0016984317845,2010.6226741903977,4.629985577379657,4.5081882660083705,-2010.6226741903977
41,SARIMA,935.8655837005545,849.3188295851598,1.911738095087075,1.8974679796613543,-442.4980875590804
41,SNaive7,868.3883526669533,737.1187321385702,1.6724398699395453,1.6538095820377425,-737.1187321385702
42,DHR-Fourier,2302.720423411373,1946.476694687913,4.510128278799454,4.512533360819291,118.86232313920898
42,ETS,3094.8949305173696,2458.0498069294554,5.947836487749147,5.718562002524168,-1427.218408948349
42,SARIMA,3066.31015488719,2562.69827660011,6.045525903937444,5.936164196375193,-373.7307042752488
42,SNaive7,3571.212488196872,2938.447994047142,6.9909028917830005,6.792472049226225,-740.5905178585734
43,DHR-Fourier,4783.670802092755,4123.068901999979,9.654475412529676,10.323919946706154,4123.068901999979
43,ETS,3912.3268548848905,3283.411026648964,7.670061631062739,8.109243080195107,3283.411026648964
43,SARIMA,2435.6733215429786,1980.0236845340146,4.656357627190627,4.828528433081648,1980.0236845340146
43,SNaive7,4527.484082453539,4388.037244047141,10.31638637700354,10.197674723854956,-814.5472559528561
44,DHR-Fourier,1346.1710839275518,1160.3134925061863,2.641867865634799,2.6867794068589275,947.3302466315852
44,ETS,971.5587377513255,761.4114585214089,1.7440374132958447,1.7233816002183873,-530.2338178609259
44,SARIMA,952.6958587632763,778.9789336459247,1.7723245486804953,1.7706955159801254,56.30249843807854
44,SNaive7,2922.7572877898906,1971.8173690471428,4.332409522343437,4.5373258050274154,1465.3336428585712
45,DHR-Fourier,1029.8328658831058,906.1065001827166,2.0648072441539824,2.0882263403689874,647.1574785217609
45,ETS,1436.8577838515414,1145.644086328649,2.7354258864787173,2.6873582797173654,-730.6644595248903
45,SARIMA,1392.9994566027838,1154.28068683311,2.741305561364884,2.708768021009451,-356.6687885329988
45,SNaive7,1566.7083558118022,1328.2693690471424,3.2015876563901284,3.154194846192154,-584.3916071442852
46,DHR-Fourier,4013.8732252575655,3734.844030947383,8.247029680718342,8.656078714114946,3734.844030947383
46,ETS,2983.2754877367497,2765.6444254181065,6.092674683740067,6.314391937692228,2765.6444254181065
46,SARIMA,2649.3687961378005,2417.86818158514,5.313844287365567,5.487377374598977,2417.86818158514
46,SNaive7,3005.9132703338137,2504.1641130971434,5.523798305989161,5.734553541040237,1934.0435178571424
47,DHR-Fourier,2153.5324610236194,1837.7237822568839,4.273526352081206,4.259930443273285,162.81572710654498
47,ETS,2537.5082638112185,2012.5262767951895,4.626350033017231,4.465568368229195,-1663.9129589568704
47,SARIMA,2045.0922084815165,1615.104014730085,3.753720584683388,3.678881611458284,-717.2558657384361
47,SNaive7,2492.669031009155,2043.386601192857,4.679670312267341,4.564558462240792,-1270.7349464299987
48,DHR-Fourier,4705.20982941634,4127.55000934998,8.864413504532331,9.396335557445122,4127.55000934998
48,ETS,3408.4612526333062,2856.7245327121896,6.123934459796889,6.39748878495099,2856.7245327121896
48,SARIMA,3263.829877865958,2885.006073017404,6.182263617813412,6.430650419082504,2885.006073017404
48,SNaive7,2948.0568699936266,2299.4968392885703,4.828573486651616,5.023820064752548,2258.2435535742843
49,DHR-Fourier,1051.058081326882,899.2955769640217,1.9632140114608867,1.966603128087243,104.07547444831393
49,ETS,2152.437249466367,1964.7596873814473,4.245905604953625,4.141460067331445,-1964.7596873814473
49,SARIMA,727.0256523298829,514.6809606600998,1.1232467815845013,1.1120970702993507,-379.6615744247226
49,SNaive7,2052.5082676369902,1588.7892619057134,3.348230282078258,3.358131431625154,-82.76994047714314
50,DHR-Fourier,2922.071240093101,2597.192134677662,5.534638596380901,5.730324926645556,2487.80548591345
50,ETS,1569.4434998991085,1431.4856516503019,3.0421807075852465,3.0896750597834495,1124.4189688848128
50,SARIMA,1983.1581550976318,1779.9576071730803,3.7554587171751455,3.841211069783665,1633.8310209417916
50,SNaive7,1732.1347474255374,1487.148374999999,3.166785044930161,3.176488522009777,447.0177321428564
51,DHR-Fourier,3215.5845284575116,2710.3705967156825,6.2986582296657625,6.035646398924873,-2557.231560236611
51,ETS,4355.048311078856,4113.255403059192,9.521610806001076,9.039869155581316,-4113.255403059192
51,SARIMA,3339.8407343003432,3000.1316507287474,6.9821908115800815,6.693917543986765,-3000.1316507287474
51,SNaive7,3310.7303448633584,3008.037053571428,6.950508354473996,6.669564945582275,-3008.037053571428
52,DHR-Fourier,3858.9994926602376,3497.937331002749,7.759687114022087,7.83276823388013,1237.3129319590403
52,ETS,3561.56291192733,3030.7217654815386,6.812044727425991,6.780867144537737,552.3444826834228
52,SARIMA,3220.4306832236166,2882.8874831134226,6.414547104601468,6.471175261938618,1078.2971180031705
52,SNaive7,3679.4591519153264,3226.7082738085714,7.029239876531893,7.313656980682743,2505.7018214285717
