modelo,metrica,media_folds,mediana_folds,dp_folds,IC95_inf,IC95_sup,agregada_todas_previsoes
DHR-Fourier,RMSE,2034.5712915480547,1809.119785696459,1293.6387065192534,1674.4199757792599,2394.7226073168495,2404.3291642112986
DHR-Fourier,MAE,1771.0016997102184,1565.1408612077669,1203.5759071098967,1435.924027413623,2106.079372006814,1771.0016997102182
DHR-Fourier,MAPE,3.9787412516226053,3.594508548539824,2.6087325725438615,3.25246546553503,4.7050170377101805,3.978741251622605
DHR-Fourier,sMAPE,4.065524397240646,3.633303765433352,2.754668294983546,3.2986198465764907,4.8324289479048,4.0655243972406465
ETS,RMSE,2020.1373976354494,1565.453205044165,1301.4284836971526,1657.817394051403,2382.4574012194958,2396.267877362022
ETS,MAE,1751.8047909784077,1390.3631499829373,1199.5473111300412,1417.8486869647757,2085.7608949920395,1751.8047909784082
ETS,MAPE,3.9662033421892793,3.1022567653196784,2.6721357535111223,3.222275997800139,4.710130686578419,3.9662033421892797
ETS,sMAPE,3.980032280092533,3.173643684703714,2.764710420075616,3.210331983949523,4.749732576235544,3.980032280092533
SARIMA,RMSE,1860.5697522554196,1671.0644629357885,1127.3401761779887,1546.7162429846803,2174.423261526159,2169.8330282734146
SARIMA,MAE,1614.206203786382,1312.3850106164662,1028.5646467736126,1327.8519775082361,1900.560430064528,1614.2062037863823
SARIMA,MAPE,3.66126042733727,3.173325991561292,2.3313028191542466,3.0122215778171886,4.310299276857352,3.66126042733727
SARIMA,sMAPE,3.6437811775662725,3.094977461135528,2.2844945453807743,3.0077738346820286,4.279788520450516,3.6437811775662725
SNaive7,RMSE,2507.439228149955,2528.4576072625314,1135.9210348525676,2191.1967925688778,2823.681663731032,2748.2274832273515
SNaive7,MAE,2121.487101419725,2081.1264404764283,960.398181204685,1854.110540344574,2388.8636624948763,2121.487101419725
SNaive7,MAPE,4.779951727090984,4.648453275516023,2.170031546011853,4.175811086727168,5.384092367454801,4.779951727090985
SNaive7,sMAPE,4.788895026861783,4.589816979422352,2.1471702977450873,4.19111899865892,5.386671055064646,4.788895026861784
